prompt,response
"I have never done programming before. Can I take this course?","Yes, this course is designed for absolute beginners. We start from the very basics."
"I am a working professional. Will I be able to manage this course along with my job?","Absolutely! The course is self-paced and you can complete it over weekends or your free time."
"Do you provide job assistance?","We provide guidance on resume building, interview preparation, and share job opportunities on our discord server. However, we do not provide a 100% job guarantee."
"How is this course different from other courses on the internet?","Our course focuses on practical, project-based learning. We also provide a dedicated discord server for doubt resolution and community support."
"What is the duration of this course?","The total video content is around 25 hours, but completing all assignments and projects will take around 2-3 months."
"Is there any prerequisite for this course?","No, there are no prerequisites. A basic understanding of computers is sufficient."
"Will I get a certificate after completing the course?","Yes, you will receive a certificate of completion which you can share on your LinkedIn profile."
"Can I download the course videos?","No, to prevent piracy, the videos are not downloadable. However, you have lifetime access to the course content."
"Do you offer refunds?","We have a 14-day no-questions-asked refund policy if you are not satisfied with the course."
"Do you provide any virtual internship?","Yes, we provide virtual internships to our students."
"Do you provide any job assistance?","Yes, we provide job assistance to our students."
"Is this bootcamp enough for me in Microsoft Power BI and Excel?","Yes, this bootcamp is enough for you to get a job in Microsoft Power BI and Excel."
"Do we have an EMI option?","Yes, we have an EMI option."
"I have zero knowledge of Excel and belong to a non-technical background. Can I take this course?","Yes, this course is designed for absolute beginners. We start from the very basics."\
"What are the things I need to know before starting this course?","No, there are no prerequisites. A basic understanding of computers is sufficient."
"What is different in this course compared to hundreds of courses on the internet and free tutorials on YouTube?","Our course focuses on practical, project-based learning. We also provide a dedicated discord server for doubt resolution and community support."
"Can I add this course to my resume?","Yes, you will receive a certificate of completion which you can share on your LinkedIn profile."
"Will I be able to get a job after doing this course?","We provide guidance on resume building, interview preparation, and share job opportunities on our discord server. However, we do not provide a 100% job guarantee."
"How can I get help if I have a doubt and need support?","You can get help from our dedicated discord server for doubt resolution and community support."
"I have never done programming and belong to a non-technical background. Can I take this course?","Yes, this course is designed for absolute beginners. We start from the very basics."
"How much time should I dedicate daily?","You should dedicate 1-2 hours daily to this course."
"Is this bootcamp self-paced or instructor-led?","This bootcamp is self-paced."
"Will I learn industry tools in this bootcamp?","Yes, you will learn industry tools in this bootcamp."
"Can I build projects after completing this bootcamp?","Yes, you will be able to build projects after completing this bootcamp."
"Does the bootcamp focus more on theory or practical learning?","This bootcamp focuses more on practical learning."
"Is this course suitable for career switching?","Yes, this course is suitable for career switching."
"What is the duration of this course?","The total video content is around 25 hours, but completing all assignments and projects will take around 2-3 months."
"Do I need a powerful laptop for this bootcamp?","No, you do not need a powerful laptop for this bootcamp."
"Are there video lectures in the bootcamp?","Yes, there are video lectures in the bootcamp."
"Can I access the course anytime?","Yes, you can access the course anytime."
"Are solutions provided for assignments?","Yes, solutions are provided for assignments."
"Can I interact with instructors directly?","Yes, you can interact with instructors directly."
"Does the bootcamp include quizzes or tests?","Yes, the bootcamp includes quizzes and tests."
"Can I learn at my own pace?","Yes, you can learn at your own pace."
"Will I get a certificate after completion?","Yes, you will get a certificate after completion."
"Will this help me in interviews?","Yes, this will help you in interviews."
"Can beginners crack data jobs after this bootcamp?","Yes, beginners can crack data jobs after this bootcamp."
"Will I learn data visualization tools?","Yes, you will learn data visualization tools."
"Are there capstone projects?","Yes, there are capstone projects."
"Will I learn how to clean messy data?","Yes, you will learn how to clean messy data."
"Does the course include SQL training?","Yes, the course includes SQL training."
"What platforms are used for learning?","We use Google Colab for Python and Jupyter Notebook for R."
"Do I need to install software?","No, you do not need to install any software."
"Will I get downloadable resources?","Yes, you will get downloadable resources."
"Can I revisit lessons later?","Yes, you can revisit lessons later."
"Is internet required throughout the course?","Yes, internet is required throughout the course."
"What is the refund policy?","We have a 14-day no-questions-asked refund policy if you are not satisfied with the course."
"How are topics structured in the course?","Topics are structured in a way that you can learn at your own pace."
